{"count":1,"self":4625.4256128,"total":10224.912648599999,"children":{"InitializeActuators":{"count":3749,"self":0.0682367,"total":0.0682367,"children":null},"InitializeSensors":{"count":3749,"self":0.074986799999999992,"total":0.074986799999999992,"children":null},"AgentSendState":{"count":1250184,"self":80.062732799999992,"total":649.32784259999994,"children":{"CollectObservations":{"count":3000444,"self":441.2177408,"total":441.2177173,"children":null},"CollectDiscreteActionMasks":{"count":3000444,"self":11.8789344,"total":11.8789345,"children":null},"RequestDecision":{"count":3000444,"self":41.394870399999995,"total":116.168455,"children":{"AgentInfo.ToProto":{"count":3000444,"self":26.709616,"total":74.7735859,"children":{"GenerateSensorData":{"count":3000444,"self":48.0639712,"total":48.063969799999995,"children":null}}}}}}},"DecideAction":{"count":1250184,"self":1687.1763968,"total":1687.1764188,"children":null},"AgentAct":{"count":1250184,"self":3262.6964479999997,"total":3262.6963886999997,"children":null},"AgentInfo.ToProto":{"count":3737,"self":0.055823399999999995,"total":0.1396595,"children":{"GenerateSensorData":{"count":3737,"self":0.0838361,"total":0.0838361,"children":null}}}},"gauges":{},"metadata":{"timer_format_version":"0.1.0","start_time_seconds":"1621153540","unity_version":"2019.4.19f1","command_line_arguments":"C:\\Program Files\\Unity\\Hub\\Editor\\2019.4.19f1\\Editor\\Unity.exe -projectpath D:\/Cours\/PIR\/PIR\/PIR_Jeu -useHub -hubIPC -cloudEnvironment production -hubSessionId fbd05cf0-b61f-11eb-8df7-312e629be9d6 -accessToken t5oZD7FmLKBY-nPK7K20LdAzWUAzQ5KtgheHs5EgrjM008f","communication_protocol_version":"1.2.0","com.unity.ml-agents_version":"1.6.0-preview","scene_name":"HumanPlayerScene","end_time_seconds":"1621163764"}}